,flushes,l0compactions,other_compactions,read,write,qps
0,0.0,0.0,0.0,0.0,0.0,418891.0
1,0.0,0.0,0.0,0.0,0.0,363493.0
2,1.0,0.0,0.0,0.0,251.5,393346.0
3,1.0,0.0,0.0,0.0,251.5,389095.0
4,0.0,0.0,0.0,0.0,0.0,359593.0
5,1.0,0.0,0.0,0.0,281.0,414909.0
6,0.0,0.0,0.0,0.0,0.0,371838.0
7,1.0,0.0,0.0,0.0,265.7,388123.0
8,1.0,1.0,0.0,286.4,551.0,386465.0
9,0.0,1.0,0.0,286.4,285.2,363185.0
10,1.0,0.0,0.0,0.0,260.0,409617.0
11,0.0,0.0,0.0,0.0,0.0,379293.0
12,1.0,0.0,0.0,0.0,284.5,381622.0
13,1.0,0.0,0.0,0.0,284.5,404138.0
14,0.0,0.0,0.0,0.0,0.0,365015.0
15,1.0,1.0,0.0,298.1,571.5,409446.0
16,0.0,1.0,0.0,298.1,296.2,373896.0
17,1.0,1.0,0.0,298.1,573.9,370416.0
18,1.0,0.0,0.0,0.0,277.7,408725.0
19,0.0,0.0,0.0,0.0,0.0,371802.0
20,1.0,0.0,0.0,0.0,278.5,411460.0
21,0.0,0.0,0.0,0.0,0.0,385482.0
22,1.0,0.0,0.0,0.0,299.5,376130.0
23,1.0,1.0,0.0,280.1,577.9,400492.0
24,0.0,1.0,0.0,280.1,278.4,358417.0
25,1.0,1.0,1.0,526.9,706.0,393426.0
26,1.0,0.0,2.0,594.3,774.1,380517.0
27,0.0,0.0,1.0,347.5,346.5,356403.0
28,1.0,0.0,0.0,0.0,300.9,422820.0
29,0.0,0.0,0.0,0.0,0.0,373545.0
30,1.0,0.0,0.0,0.0,276.9,398859.0
31,1.0,1.0,0.0,277.1,552.4,384334.0
32,0.0,1.0,1.0,558.4,555.5,355237.0
33,1.0,0.0,1.0,281.3,467.4,403129.0
34,0.0,0.0,2.0,684.5,681.6,367799.0
35,1.0,0.0,1.0,403.2,763.9,377838.0
36,1.0,0.0,0.0,0.0,362.2,408359.0
37,0.0,0.0,0.0,0.0,0.0,368768.0
38,1.0,1.0,0.0,314.9,588.7,402439.0
39,0.0,1.0,0.0,314.9,313.0,369122.0
40,1.0,1.0,1.0,665.8,959.1,360479.0
41,1.0,0.0,2.0,747.0,1039.9,398451.0
42,0.0,0.0,2.0,777.1,772.8,356313.0
43,1.0,0.0,1.0,381.0,657.8,382181.0
44,0.0,0.0,1.0,381.0,379.0,379865.0
45,0.0,0.0,0.0,0.0,0.0,360780.0
46,1.0,1.0,0.0,297.7,648.6,407546.0
47,0.0,1.0,0.0,297.7,296.0,367061.0
48,1.0,1.0,1.0,603.0,861.9,378524.0
49,1.0,0.0,2.0,686.6,944.6,383063.0
50,0.0,0.0,1.0,381.2,378.6,354336.0
51,1.0,0.0,1.0,381.2,731.0,405856.0
52,0.0,0.0,0.0,0.0,0.0,382622.0
53,1.0,0.0,0.0,0.0,289.1,378401.0
54,1.0,1.0,0.0,332.6,619.6,392465.0
55,0.0,1.0,1.0,728.1,722.8,358403.0
56,1.0,0.0,1.0,395.5,741.4,390391.0
57,0.0,0.0,2.0,793.2,786.8,369885.0
58,0.0,0.0,1.0,397.7,394.4,354370.0
59,1.0,0.0,0.0,0.0,335.2,412823.0
60,0.0,0.0,0.0,0.0,0.0,373574.0
61,1.0,0.0,0.0,0.0,320.9,396347.0
62,1.0,1.0,0.0,327.6,646.4,378398.0
63,0.0,1.0,1.0,678.0,673.0,349416.0
64,1.0,0.0,1.0,350.4,592.0,395058.0
65,0.0,0.0,2.0,713.0,707.2,364333.0
66,1.0,0.0,2.0,725.3,1038.0,355325.0
67,1.0,0.0,2.0,751.1,1063.7,398872.0
68,0.0,0.0,1.0,388.4,385.4,360307.0
69,1.0,1.0,1.0,760.0,1098.5,383598.0
70,0.0,1.0,0.0,371.7,369.5,370307.0
71,0.0,1.0,1.0,744.8,739.4,345779.0
72,1.0,0.0,1.0,373.2,613.9,397675.0
73,0.0,0.0,2.0,721.8,715.3,357805.0
74,1.0,0.0,1.0,348.6,656.2,348762.0
75,1.0,0.0,1.0,348.6,656.2,401581.0
76,0.0,0.0,0.0,0.0,0.0,368855.0
77,1.0,1.0,0.0,336.5,664.6,398964.0
78,0.0,1.0,0.0,336.5,334.4,371414.0
79,0.0,1.0,1.0,733.0,728.0,344709.0
80,1.0,0.0,1.0,396.6,753.1,397780.0
81,0.0,0.0,2.0,729.3,723.4,355160.0
82,1.0,0.0,1.0,332.8,562.3,368738.0
83,1.0,0.0,2.0,662.0,888.8,390580.0
84,0.0,0.0,1.0,329.3,326.5,355101.0
85,1.0,1.0,1.0,641.4,866.7,351892.0
86,0.0,1.0,0.0,312.2,310.4,370329.0
87,0.0,1.0,1.0,642.7,638.0,346041.0
88,1.0,0.0,1.0,330.5,620.5,405506.0
89,0.0,0.0,2.0,661.8,655.9,364494.0
90,1.0,0.0,1.0,331.4,628.3,372727.0
91,1.0,0.0,1.0,331.4,628.3,387217.0
92,0.0,0.0,1.0,331.4,328.2,361261.0
93,1.0,1.0,0.0,320.6,632.0,402214.0
94,0.0,1.0,0.0,320.6,318.6,371169.0
95,1.0,1.0,1.0,610.8,832.5,354457.0
96,1.0,0.0,1.0,290.3,513.9,395790.0
97,0.0,0.0,2.0,592.1,587.0,345868.0
98,1.0,0.0,1.0,301.8,503.8,385254.0
99,1.0,0.0,1.0,301.8,503.8,390731.0
100,0.0,0.0,0.0,0.0,0.0,362512.0
101,1.0,1.0,0.0,366.8,692.2,403788.0
102,0.0,1.0,0.0,366.8,364.4,359825.0
103,1.0,1.0,2.0,1118.4,1444.8,365317.0
104,1.0,0.0,1.0,358.6,689.9,387864.0
105,0.0,0.0,2.0,682.2,674.4,356648.0
106,1.0,0.0,1.0,323.5,568.4,390186.0
107,0.0,0.0,1.0,323.5,320.3,368501.0
108,0.0,0.0,1.0,323.5,320.3,355658.0
109,1.0,1.0,0.0,342.1,660.8,414787.0
110,0.0,1.0,0.0,342.1,340.1,364176.0
111,1.0,1.0,1.0,657.9,924.0,380511.0
112,1.0,0.0,2.0,616.2,881.7,377459.0
113,0.0,0.0,1.0,300.5,297.9,352695.0
114,1.0,0.0,1.0,300.5,561.1,400987.0
115,0.0,0.0,1.0,305.6,302.8,367712.0
116,1.0,0.0,1.0,305.6,560.6,367159.0
117,1.0,0.0,1.0,305.6,560.6,397628.0
118,0.0,1.0,1.0,570.9,566.7,360588.0
119,1.0,1.0,0.0,265.4,460.8,345360.0
120,1.0,1.0,1.0,564.2,757.6,378680.0
121,0.0,0.0,1.0,298.8,296.8,354620.0
122,1.0,0.0,2.0,567.0,754.0,401091.0
123,0.0,0.0,2.0,560.3,556.3,364681.0
124,1.0,0.0,1.0,292.1,523.8,368946.0
125,1.0,0.0,1.0,292.1,523.8,397215.0
126,0.0,0.0,1.0,292.1,289.5,358090.0
127,1.0,1.0,1.0,570.8,768.5,385255.0
128,1.0,1.0,0.0,278.7,479.0,371292.0
129,0.0,1.0,1.0,559.4,556.2,347971.0
130,1.0,0.0,2.0,577.7,829.6,414759.0
131,0.0,0.0,1.0,297.0,294.3,364615.0
132,1.0,0.0,1.0,297.0,570.9,380334.0
133,1.0,1.0,1.0,588.8,860.9,378810.0
134,0.0,1.0,0.0,291.8,290.0,350219.0
135,1.0,1.0,1.0,582.8,766.7,400100.0
136,0.0,0.0,1.0,291.0,288.2,367636.0
137,1.0,0.0,2.0,571.4,789.5,363302.0
138,1.0,0.0,1.0,280.5,501.3,402188.0
139,0.0,0.0,1.0,280.5,277.6,359131.0
140,1.0,0.0,2.0,579.6,848.4,393059.0
141,1.0,0.0,1.0,299.1,570.7,379429.0
142,0.0,1.0,1.0,559.9,557.0,348675.0
143,1.0,1.0,0.0,260.8,439.0,399265.0
144,0.0,1.0,1.0,565.7,561.2,369193.0
145,1.0,0.0,1.0,304.8,579.2,378383.0
146,1.0,0.0,1.0,304.8,579.2,390662.0
147,0.0,0.0,2.0,602.8,597.5,357599.0
148,1.0,0.0,1.0,298.0,568.6,397208.0
149,0.0,0.0,1.0,298.0,295.5,372355.0
150,1.0,1.0,1.0,572.6,757.4,367028.0
151,1.0,1.0,0.0,274.6,461.9,365269.0
152,0.0,1.0,0.0,274.6,272.9,358796.0
153,1.0,1.0,1.0,578.4,837.3,381395.0
154,1.0,0.0,1.0,303.8,564.4,377050.0
155,0.0,0.0,2.0,573.9,567.8,348814.0
156,1.0,0.0,1.0,270.1,474.2,402985.0
157,0.0,0.0,1.0,270.1,268.0,368995.0
158,1.0,0.0,2.0,567.4,831.8,365882.0
159,1.0,0.0,1.0,297.4,563.8,388693.0
160,0.0,0.0,1.0,297.4,294.0,358003.0
161,1.0,1.0,1.0,576.2,776.7,390217.0
162,1.0,1.0,0.0,278.8,482.7,371496.0
163,0.0,1.0,1.0,569.5,563.7,344728.0
164,1.0,0.0,1.0,290.7,507.5,380303.0
165,0.0,0.0,2.0,578.5,571.5,364573.0
166,1.0,0.0,1.0,287.8,482.1,364847.0
167,1.0,0.0,1.0,287.8,482.1,394788.0
168,0.0,0.0,2.0,573.0,567.6,353512.0
169,1.0,1.0,1.0,579.4,843.1,394150.0
170,0.0,1.0,0.0,294.2,291.8,370801.0
171,0.0,1.0,0.0,294.2,291.8,344354.0
172,1.0,1.0,1.0,594.6,868.7,410135.0
173,0.0,0.0,1.0,300.5,295.8,366877.0
174,1.0,0.0,1.0,300.5,542.4,367498.0
175,1.0,0.0,2.0,594.4,832.3,368755.0
176,0.0,0.0,1.0,293.9,290.0,355284.0
177,1.0,0.0,1.0,293.9,520.8,350187.0
178,1.0,0.0,2.0,616.4,840.5,381017.0
179,0.0,0.0,1.0,322.5,319.7,355931.0
180,1.0,0.0,1.0,322.5,594.0,410611.0
181,0.0,1.0,1.0,595.8,590.9,359460.0
182,1.0,1.0,0.0,273.4,501.4,374231.0
183,1.0,1.0,0.0,273.4,501.4,412244.0
184,0.0,1.0,0.0,273.4,271.2,352286.0
185,1.0,0.0,1.0,288.1,476.9,394723.0
186,1.0,0.0,1.0,288.1,476.9,367570.0
187,0.0,0.0,2.0,571.9,563.2,365418.0
188,1.0,0.0,1.0,283.8,525.4,392692.0
189,0.0,0.0,2.0,580.8,574.2,360403.0
190,1.0,0.0,1.0,297.0,483.1,393750.0
191,1.0,0.0,1.0,297.0,483.1,371824.0
192,0.0,0.0,2.0,589.3,581.6,347060.0
193,1.0,0.0,1.0,292.3,471.9,409953.0
194,0.0,1.0,1.0,558.9,551.9,354325.0
195,1.0,1.0,0.0,266.6,506.3,373232.0
196,1.0,1.0,0.0,266.6,506.3,389623.0
197,0.0,1.0,0.0,266.6,264.1,359278.0
198,1.0,1.0,1.0,543.3,712.5,351904.0
199,1.0,0.0,1.0,276.7,448.5,375922.0
200,0.0,0.0,2.0,579.1,569.9,350906.0
201,1.0,0.0,1.0,302.4,568.1,410324.0
202,0.0,0.0,2.0,609.0,601.0,364016.0
203,1.0,0.0,1.0,306.6,578.6,378744.0
204,1.0,0.0,1.0,306.6,578.6,382602.0
205,0.0,1.0,2.0,875.7,865.1,354709.0
206,1.0,1.0,0.0,268.4,471.0,407147.0
207,1.0,1.0,0.0,268.4,471.0,371420.0
208,0.0,1.0,0.0,268.4,266.2,370154.0
209,1.0,1.0,2.0,850.6,1114.1,391021.0
210,0.0,0.0,1.0,291.1,287.9,359635.0
211,1.0,0.0,1.0,291.1,483.3,397076.0
212,1.0,0.0,2.0,578.2,767.0,373237.0
213,0.0,0.0,1.0,287.1,283.8,349635.0
214,1.0,0.0,1.0,287.1,521.6,412903.0
215,0.0,0.0,2.0,589.9,581.4,364016.0
216,1.0,0.0,1.0,302.8,500.7,380954.0
217,1.0,1.0,1.0,565.3,760.7,380120.0
218,0.0,1.0,0.0,262.4,259.9,351699.0
219,1.0,1.0,0.0,262.4,498.7,405249.0
220,1.0,1.0,0.0,262.4,498.7,373357.0
221,0.0,1.0,1.0,541.3,533.0,368816.0
222,1.0,0.0,1.0,278.9,451.8,377160.0
223,0.0,0.0,1.0,278.9,273.1,362120.0
224,1.0,0.0,2.0,565.4,809.4,384667.0
225,1.0,0.0,1.0,286.5,536.4,374064.0
226,0.0,0.0,2.0,581.1,573.1,354088.0
227,1.0,0.0,1.0,294.6,478.7,364419.0
228,0.0,0.0,1.0,294.6,290.2,370387.0
229,0.0,0.0,2.0,575.9,567.1,367646.0
230,1.0,0.0,1.0,281.3,513.4,399337.0
231,0.0,0.0,1.0,281.3,276.8,361479.0
232,1.0,0.0,1.0,281.3,514.7,391787.0
233,1.0,1.0,1.0,539.7,770.6,378127.0
234,0.0,1.0,0.0,258.4,255.9,353917.0
235,1.0,1.0,0.0,258.4,416.7,366217.0
236,0.0,1.0,0.0,258.4,255.9,366094.0
237,1.0,1.0,1.0,523.2,674.0,353215.0
238,1.0,0.0,1.0,264.8,418.1,398617.0
239,0.0,0.0,2.0,525.5,517.3,357809.0
240,1.0,0.0,1.0,260.8,406.6,393427.0
241,1.0,0.0,2.0,524.0,665.0,371387.0
242,0.0,0.0,1.0,263.2,258.4,348066.0
243,1.0,0.0,1.0,263.2,412.2,411523.0
244,1.0,0.0,2.0,551.3,696.1,361000.0
245,1.0,0.0,1.0,288.0,546.6,382754.0
246,1.0,0.0,1.0,288.0,546.6,380943.0
247,0.0,1.0,1.0,547.4,540.5,349661.0
248,1.0,1.0,0.0,259.4,488.8,398974.0
249,0.0,1.0,0.0,259.4,256.5,370089.0
250,0.0,1.0,0.0,259.4,256.5,367336.0
251,1.0,1.0,1.0,552.2,731.7,383330.0
252,0.0,0.0,1.0,292.8,287.2,358414.0
253,1.0,0.0,2.0,574.9,807.8,390004.0
254,1.0,0.0,1.0,282.0,520.6,369440.0
255,0.0,0.0,2.0,590.8,581.1,349777.0
256,1.0,0.0,1.0,308.8,474.2,406547.0
257,1.0,0.0,1.0,308.8,474.2,362552.0
258,1.0,0.0,2.0,609.2,777.8,372182.0
259,1.0,0.0,1.0,300.4,473.9,386648.0
260,0.0,0.0,1.0,300.4,295.3,354188.0
261,1.0,0.0,2.0,597.9,853.9,385693.0
262,1.0,0.0,1.0,297.5,558.7,376592.0
263,0.0,1.0,1.0,521.9,514.6,348228.0
264,1.0,1.0,0.0,224.4,484.5,406092.0
265,0.0,1.0,0.0,224.4,221.9,359586.0
266,1.0,1.0,0.0,224.4,512.1,374147.0
267,1.0,1.0,7.0,920.7,1173.8,276484.0
268,0.0,1.0,7.0,920.7,883.6,317628.0
269,0.0,1.0,7.0,920.7,883.6,180735.0
270,1.0,0.0,7.0,696.2,760.7,366113.0
271,1.0,0.0,5.0,481.2,593.6,362253.0
272,0.0,0.0,3.0,489.3,507.1,361558.0
273,1.0,0.0,2.0,565.0,756.3,359874.0
274,0.0,0.0,2.0,578.8,574.5,360354.0
275,1.0,0.0,2.0,598.1,837.9,384994.0
276,1.0,0.0,1.0,292.5,534.3,382084.0
277,0.0,1.0,1.0,550.6,542.1,352032.0
278,1.0,1.0,0.0,258.2,411.0,409183.0
279,1.0,1.0,0.0,258.2,411.0,367089.0
280,0.0,1.0,0.0,258.2,255.7,374384.0
281,1.0,1.0,1.0,560.3,799.4,392487.0
282,0.0,0.0,1.0,302.2,297.4,351688.0
283,1.0,0.0,2.0,563.5,767.6,394923.0
284,1.0,0.0,1.0,261.3,470.2,363476.0
285,0.0,0.0,2.0,546.8,539.3,349685.0
286,1.0,0.0,1.0,285.5,529.0,412567.0
287,0.0,0.0,2.0,547.0,537.4,363146.0
288,1.0,0.0,1.0,261.5,433.6,383958.0
289,1.0,1.0,1.0,526.2,695.8,385032.0
290,0.0,1.0,0.0,264.7,262.1,353060.0
291,1.0,1.0,0.0,264.7,459.7,350268.0
292,1.0,1.0,0.0,264.7,459.7,373275.0
293,0.0,1.0,0.0,264.7,262.1,349828.0
294,1.0,1.0,1.0,521.4,704.6,352238.0
295,0.0,0.0,1.0,256.7,252.3,366542.0
296,0.0,0.0,2.0,534.0,527.2,374360.0
297,1.0,0.0,1.0,277.4,458.7,374191.0
298,0.0,0.0,2.0,570.4,563.7,360506.0
299,1.0,0.0,1.0,293.0,503.0,400092.0
300,1.0,0.0,2.0,604.5,807.7,370493.0
301,0.0,0.0,2.0,603.9,591.8,348694.0
302,1.0,0.0,1.0,292.4,547.2,413707.0
303,0.0,0.0,1.0,292.4,287.1,361693.0
304,1.0,1.0,1.0,560.0,729.5,382179.0
305,1.0,1.0,0.0,267.6,442.4,382981.0
306,0.0,1.0,0.0,267.6,265.1,355323.0
307,1.0,1.0,0.0,267.6,484.3,397090.0
308,1.0,1.0,1.0,545.0,757.3,364405.0
309,0.0,0.0,1.0,277.4,273.0,369628.0
310,1.0,0.0,2.0,548.6,720.2,399643.0
311,0.0,0.0,1.0,271.3,265.5,360613.0
312,1.0,0.0,1.0,271.3,428.8,398167.0
313,1.0,0.0,2.0,565.3,718.0,382264.0
314,0.0,0.0,1.0,294.1,289.3,348472.0
315,1.0,0.0,2.0,571.1,749.3,412209.0
316,0.0,0.0,1.0,277.0,273.8,360654.0
317,1.0,0.0,1.0,277.0,464.8,383851.0
318,1.0,1.0,1.0,555.5,740.3,382438.0
319,0.0,1.0,0.0,278.5,275.5,352230.0
320,1.0,1.0,0.0,278.5,524.9,406088.0
321,0.0,1.0,0.0,278.5,275.5,369593.0
322,0.0,1.0,0.0,278.5,275.5,373547.0
323,1.0,1.0,1.0,538.5,690.9,394675.0
324,0.0,0.0,1.0,260.0,255.8,358438.0
325,1.0,0.0,2.0,549.6,804.6,397965.0
326,1.0,0.0,1.0,289.6,548.8,373884.0
327,0.0,0.0,2.0,555.4,548.0,352183.0
328,1.0,0.0,1.0,265.9,418.2,410245.0
329,1.0,0.0,1.0,265.9,418.2,364797.0
330,1.0,0.0,2.0,557.1,759.6,387090.0
331,1.0,0.0,1.0,291.2,497.0,404584.0
332,0.0,0.0,1.0,291.2,286.7,350071.0
333,1.0,0.0,2.0,591.6,781.9,401935.0
334,1.0,0.0,1.0,300.4,495.2,365511.0
335,0.0,0.0,1.0,300.4,295.7,373852.0
336,1.0,1.0,1.0,1378.6,624.0,390193.0
337,0.0,1.0,0.0,1078.2,142.8,355783.0
338,1.0,1.0,0.0,1078.2,425.0,329192.0
339,1.0,1.0,7.0,1682.2,1128.0,136445.0
340,0.0,1.0,8.0,1773.5,917.1,361600.0
341,0.0,0.0,10.0,858.4,987.6,287265.0
342,1.0,0.0,8.0,622.1,877.5,285968.0
343,1.0,0.0,8.0,622.1,877.5,211122.0
344,0.0,0.0,6.0,469.7,514.9,333871.0
345,1.0,0.0,3.0,452.1,685.9,391495.0
346,1.0,0.0,2.0,595.2,776.3,369868.0
347,0.0,0.0,2.0,607.3,597.2,348065.0
348,1.0,0.0,1.0,301.2,539.7,402235.0
349,1.0,0.0,2.0,598.9,832.5,363347.0
350,0.0,0.0,1.0,297.8,292.9,378852.0
351,1.0,0.0,1.0,309.6,572.3,386126.0
352,0.0,0.0,1.0,309.6,302.9,354970.0
353,1.0,1.0,1.0,1041.1,564.1,400444.0
354,1.0,1.0,0.0,731.5,261.2,369761.0
355,0.0,1.0,0.0,731.5,73.8,364573.0
356,1.0,1.0,0.0,731.5,268.0,269539.0
357,1.0,1.0,7.0,1377.9,1036.9,66854.0
358,0.0,1.0,8.0,1449.2,945.0,200000.0
359,0.0,0.0,7.0,676.2,660.7,322939.0
360,0.0,0.0,7.0,676.2,660.7,398814.0
361,1.0,0.0,1.0,259.9,442.0,368447.0
362,0.0,0.0,2.0,548.1,541.8,372593.0
363,1.0,0.0,1.0,288.2,538.5,394806.0
364,1.0,0.0,2.0,591.5,838.0,358862.0
365,0.0,0.0,1.0,303.4,299.5,388591.0
366,1.0,0.0,1.0,288.5,528.2,377405.0
367,0.0,0.0,2.0,546.0,539.4,351579.0
368,1.0,0.0,1.0,257.5,418.6,375249.0
369,1.0,0.0,1.0,257.5,418.6,367549.0
370,0.0,1.0,1.0,531.9,525.9,379787.0
371,1.0,1.0,0.0,274.4,482.1,358135.0
372,1.0,1.0,0.0,274.4,482.1,359600.0
373,0.0,1.0,0.0,274.4,271.4,376133.0
374,1.0,1.0,1.0,538.0,701.2,388313.0
375,0.0,0.0,2.0,501.4,494.9,351654.0
376,1.0,0.0,1.0,237.8,380.4,416287.0
377,1.0,0.0,2.0,527.8,664.7,362907.0
378,0.0,0.0,1.0,290.0,284.3,381299.0
379,1.0,0.0,2.0,572.4,810.4,381284.0
380,1.0,0.0,1.0,282.4,526.1,356105.0
381,0.0,0.0,2.0,548.2,537.5,406976.0
382,1.0,0.0,1.0,265.7,447.8,370411.0
383,0.0,0.0,1.0,265.7,260.7,373513.0
384,1.0,1.0,1.0,538.9,803.8,392212.0
385,1.0,1.0,0.0,273.1,543.1,356260.0
386,0.0,1.0,0.0,273.1,270.5,361913.0
387,1.0,1.0,0.0,273.1,471.4,374452.0
388,0.0,0.0,1.0,316.3,311.6,348455.0
389,0.0,0.0,2.0,602.2,591.5,409542.0
390,1.0,0.0,1.0,286.0,450.9,364304.0
391,0.0,0.0,2.0,593.4,582.6,377311.0
392,1.0,0.0,1.0,307.4,488.5,386649.0
393,1.0,0.0,2.0,626.4,802.6,352761.0
394,0.0,0.0,1.0,319.0,314.0,392930.0
395,1.0,0.0,2.0,636.5,899.4,369081.0
396,0.0,0.0,1.0,317.5,313.2,319264.0
397,1.0,1.0,1.0,595.7,840.1,386610.0
398,1.0,1.0,0.0,278.2,527.0,355493.0
399,0.0,1.0,0.0,278.2,275.5,376208.0
400,1.0,1.0,0.0,278.2,496.1,381095.0
401,1.0,1.0,1.0,587.9,801.2,356398.0
402,0.0,0.0,2.0,620.2,609.8,400825.0
403,1.0,0.0,1.0,310.4,513.4,370542.0
404,0.0,0.0,2.0,617.3,607.8,358950.0
405,1.0,0.0,1.0,306.9,580.2,401579.0
406,1.0,0.0,1.0,306.9,580.2,358074.0
407,0.0,0.0,2.0,603.7,596.2,389832.0
408,1.0,0.0,1.0,296.8,544.1,382757.0
409,0.0,0.0,1.0,296.8,293.1,351860.0
410,0.0,1.0,1.0,562.2,555.8,368546.0
411,1.0,1.0,0.0,265.3,421.1,365727.0
412,0.0,1.0,0.0,265.3,262.8,365835.0
413,1.0,1.0,0.0,265.3,522.4,390647.0
414,1.0,1.0,1.0,541.6,793.3,360159.0
415,0.0,0.0,1.0,276.2,270.9,391123.0
416,1.0,0.0,1.0,276.2,467.5,387289.0
417,1.0,0.0,2.0,579.6,766.9,350439.0
418,0.0,0.0,1.0,303.4,299.4,411610.0
419,1.0,0.0,2.0,555.1,703.1,364345.0
420,0.0,0.0,1.0,251.8,247.6,382139.0
421,1.0,0.0,1.0,251.8,445.6,374219.0
422,1.0,0.0,2.0,555.1,743.4,357187.0
423,0.0,0.0,1.0,303.3,297.8,402748.0
424,1.0,0.0,1.0,303.3,559.5,369497.0
425,0.0,1.0,0.0,269.1,266.1,363263.0
426,1.0,1.0,0.0,269.1,473.8,390558.0
427,1.0,1.0,0.0,269.1,473.8,357849.0
428,0.0,1.0,0.0,269.1,266.1,391793.0
429,1.0,1.0,1.0,540.4,694.0,380526.0
430,1.0,0.0,1.0,271.3,427.9,356750.0
431,0.0,0.0,2.0,646.2,355.5,355657.0
432,1.0,0.0,8.0,1213.9,910.7,147499.0
433,0.0,0.0,8.0,1213.9,727.6,300000.0
434,0.0,0.0,8.0,1213.9,727.6,340496.0
435,1.0,0.0,9.0,1262.7,969.6,308764.0
436,1.0,0.0,9.0,1129.7,991.4,341850.0
437,0.0,0.0,7.0,733.0,689.2,349189.0
438,1.0,0.0,6.0,669.2,821.8,159701.0
439,1.0,0.0,9.0,1008.5,1169.8,335624.0
440,0.0,0.0,8.0,914.3,862.6,304005.0
441,0.0,0.0,5.0,609.6,569.4,402895.0
442,1.0,1.0,3.0,594.2,910.8,368164.0
443,1.0,1.0,0.0,269.9,540.0,374333.0
444,0.0,1.0,0.0,269.9,267.3,384849.0
445,1.0,1.0,0.0,269.9,453.3,351610.0
446,0.0,1.0,1.0,541.9,535.8,397585.0
447,1.0,0.0,1.0,272.0,465.2,371388.0
448,1.0,0.0,2.0,582.9,771.2,355420.0
449,0.0,0.0,1.0,310.9,306.0,403128.0
450,1.0,0.0,2.0,611.6,894.1,360257.0
451,0.0,0.0,1.0,300.6,296.1,381439.0
452,0.0,0.0,2.0,614.8,604.5,379959.0
453,1.0,0.0,1.0,314.1,586.8,351772.0
454,0.0,0.0,1.0,314.1,308.5,397840.0
455,1.0,0.0,2.0,613.5,848.4,367749.0
456,1.0,1.0,1.0,637.0,606.2,367020.0
457,0.0,1.0,0.0,337.6,66.2,317107.0
458,1.0,1.0,7.0,824.5,861.0,332893.0
459,0.0,1.0,7.0,824.5,654.3,194963.0
460,0.0,1.0,7.0,824.5,654.3,200000.0
461,0.0,1.0,7.0,824.5,654.3,254886.0
462,1.0,1.0,7.0,824.5,741.9,149860.0
463,1.0,0.0,14.0,1239.0,1389.3,168218.0
464,0.0,0.0,8.0,796.5,851.0,277052.0
465,0.0,0.0,8.0,796.5,851.0,368735.0
466,0.0,0.0,7.0,752.1,713.6,365940.0
467,1.0,0.0,6.0,638.2,796.5,377690.0
468,0.0,0.0,1.0,315.2,311.0,341246.0
469,0.0,0.0,2.0,591.4,583.3,359716.0
470,1.0,0.0,1.0,276.2,498.3,393600.0
471,0.0,0.0,2.0,562.6,554.0,376410.0
472,1.0,0.0,1.0,286.4,527.5,350973.0
473,1.0,0.0,2.0,590.0,827.4,403497.0
474,0.0,0.0,2.0,574.1,566.4,358716.0
475,1.0,0.0,1.0,270.5,423.8,376038.0
476,1.0,0.0,1.0,270.5,423.8,389410.0
477,0.0,1.0,1.0,602.7,368.1,355811.0
478,1.0,1.0,0.0,332.2,261.0,375291.0
479,0.0,1.0,0.0,332.2,101.6,256911.0
480,1.0,1.0,0.0,332.2,295.2,200000.0
481,1.0,1.0,7.0,955.8,998.0,297890.0
482,0.0,1.0,7.0,955.8,804.4,398787.0
483,0.0,1.0,7.0,955.8,804.4,359128.0
484,1.0,1.0,8.0,1172.8,1148.8,384859.0
485,1.0,0.0,5.0,587.5,694.6,378567.0
486,0.0,0.0,2.0,525.3,511.3,352924.0
487,1.0,0.0,2.0,612.4,876.5,410132.0
488,1.0,0.0,1.0,304.1,571.0,365466.0
489,0.0,0.0,2.0,586.1,579.0,374237.0
490,1.0,0.0,1.0,282.0,514.6,384237.0
491,0.0,0.0,2.0,591.2,580.3,353965.0
492,0.0,0.0,1.0,309.2,303.3,397970.0
493,1.0,0.0,2.0,613.9,801.9,372762.0
494,0.0,0.0,1.0,304.7,300.8,358540.0
495,1.0,1.0,1.0,474.5,747.6,325058.0
496,1.0,1.0,0.0,169.8,446.8,86033.0
497,0.0,1.0,0.0,169.8,167.9,266752.0
498,1.0,1.0,7.0,801.8,1021.0,291642.0
499,0.0,1.0,7.0,801.8,761.9,394675.0
500,0.0,1.0,7.0,801.8,761.9,363187.0
501,0.0,1.0,7.0,801.8,761.9,383183.0
502,1.0,1.0,7.0,801.8,901.3,378359.0
503,1.0,0.0,7.0,632.0,733.4,352016.0
504,0.0,0.0,3.0,485.5,489.1,397269.0
505,1.0,0.0,2.0,614.5,876.6,358935.0
506,0.0,0.0,2.0,617.6,608.8,354289.0
507,0.0,0.0,2.0,622.1,613.9,400836.0
508,1.0,0.0,1.0,307.4,564.7,359772.0
509,0.0,0.0,2.0,579.7,570.6,386729.0
510,1.0,0.0,1.0,272.3,501.3,378922.0
511,1.0,1.0,1.0,559.5,785.4,353540.0
512,0.0,1.0,0.0,287.3,284.1,372628.0
513,1.0,1.0,0.0,287.3,542.3,363859.0
514,0.0,1.0,0.0,287.3,284.1,370874.0
515,0.0,1.0,0.0,287.3,284.1,391112.0
516,1.0,1.0,1.0,531.2,683.2,354936.0
517,0.0,0.0,2.0,511.4,502.5,358484.0
518,1.0,0.0,1.0,267.5,448.1,377108.0
519,1.0,0.0,2.0,592.7,767.7,351215.0
520,0.0,0.0,1.0,325.1,319.6,399275.0
521,1.0,0.0,2.0,626.7,801.9,355442.0
522,0.0,0.0,1.0,301.6,296.7,362166.0
523,0.0,0.0,2.0,607.0,597.8,393530.0
524,1.0,0.0,1.0,305.4,485.0,356450.0
525,0.0,1.0,1.0,591.6,584.6,372260.0
526,1.0,1.0,0.0,286.2,462.0,357766.0
527,1.0,1.0,0.0,286.2,462.0,346568.0
528,0.0,1.0,0.0,286.2,283.5,406418.0
529,1.0,1.0,1.0,561.8,720.6,365604.0
530,1.0,0.0,1.0,275.6,437.1,374277.0
531,0.0,0.0,2.0,546.8,539.5,387538.0
532,1.0,0.0,1.0,271.2,435.3,357342.0
533,0.0,0.0,2.0,583.3,573.8,397642.0
534,1.0,0.0,2.0,607.2,841.5,367777.0
535,1.0,0.0,1.0,295.1,534.3,347153.0
536,0.0,0.0,1.0,295.1,290.7,407371.0
537,1.0,0.0,2.0,577.4,734.0,360703.0
538,0.0,0.0,1.0,282.3,277.4,383679.0
539,1.0,1.0,1.0,532.9,690.2,385098.0
540,1.0,1.0,0.0,250.6,412.8,352356.0
541,0.0,1.0,0.0,250.6,248.2,396389.0
542,1.0,1.0,0.0,250.6,419.9,368874.0
543,1.0,1.0,1.0,562.3,726.4,371047.0
544,0.0,0.0,1.0,311.7,306.5,297040.0
545,1.0,0.0,2.0,591.1,751.5,269300.0
546,0.0,0.0,1.0,279.4,276.1,335199.0
547,1.0,0.0,2.0,539.6,622.2,343305.0
548,1.0,0.0,8.0,911.9,1064.8,345908.0
549,0.0,0.0,8.0,911.9,799.2,345750.0
550,0.0,0.0,8.0,911.9,799.2,396918.0
551,1.0,0.0,8.0,911.9,888.0,358472.0
552,1.0,0.0,7.0,651.8,807.5,364578.0
553,0.0,0.0,2.0,218.6,285.4,377186.0
554,1.0,1.0,1.0,418.7,683.7,354376.0
555,0.0,1.0,0.0,272.6,270.0,366636.0
556,1.0,1.0,0.0,272.6,472.8,367567.0
557,1.0,1.0,0.0,272.6,472.8,359457.0
558,0.0,1.0,1.0,553.3,546.0,377917.0
559,1.0,0.0,1.0,280.7,490.3,364105.0
560,1.0,0.0,2.0,554.9,761.1,379574.0
561,0.0,0.0,1.0,274.2,270.8,196660.0
562,1.0,0.0,2.0,529.0,713.6,310252.0
563,0.0,0.0,1.0,254.8,252.0,295888.0
564,1.0,0.0,1.0,254.8,436.7,175754.0
565,1.0,0.0,8.0,931.3,1047.6,313720.0
566,0.0,0.0,8.0,931.3,862.9,166389.0
567,0.0,0.0,7.0,676.5,610.9,327131.0
568,1.0,0.0,7.0,676.5,770.8,360578.0
569,1.0,1.0,7.0,889.7,939.7,363860.0
570,0.0,1.0,8.0,1009.4,927.4,318658.0
571,0.0,1.0,3.0,493.2,513.7,396874.0
572,1.0,1.0,2.0,405.5,589.6,359965.0
573,1.0,1.0,1.0,332.9,477.6,349595.0
574,0.0,1.0,0.0,290.5,288.5,362726.0
575,1.0,1.0,0.0,290.5,558.4,351021.0
576,0.0,1.0,0.0,290.5,288.5,391025.0
577,0.0,1.0,0.0,290.5,288.5,364624.0
578,1.0,1.0,1.0,571.8,747.5,362335.0
579,0.0,0.0,2.0,559.8,550.3,397503.0
580,1.0,0.0,1.0,278.6,457.2,361152.0
581,1.0,0.0,2.0,586.0,760.0,388251.0
582,0.0,0.0,1.0,307.4,302.7,382498.0
583,1.0,0.0,2.0,598.8,845.5,351218.0
584,0.0,0.0,1.0,291.4,286.0,340320.0
585,0.0,0.0,2.0,566.6,556.4,120525.0
586,1.0,0.0,1.0,275.2,454.1,254588.0
587,0.0,0.0,1.0,275.2,270.4,272481.0
588,1.0,1.0,1.0,562.6,617.1,217085.0
589,1.0,1.0,7.0,859.6,979.4,376132.0
590,0.0,1.0,7.0,859.6,728.9,356667.0
591,0.0,1.0,7.0,859.6,728.9,379861.0
592,0.0,1.0,7.0,859.6,728.9,369216.0
593,1.0,1.0,7.0,859.6,854.3,298657.0
594,1.0,0.0,7.0,572.2,758.2,407263.0
595,0.0,0.0,1.0,63.7,139.2,361832.0
596,1.0,0.0,1.0,269.9,456.7,364808.0
597,0.0,0.0,1.0,269.9,265.1,379422.0
598,1.0,0.0,2.0,557.3,802.6,355499.0
599,1.0,0.0,1.0,287.4,537.6,394055.0
600,0.0,0.0,2.0,545.4,537.6,371095.0
601,1.0,0.0,1.0,258.1,424.9,366410.0
602,1.0,0.0,2.0,568.3,731.0,392399.0
603,0.0,0.0,1.0,310.2,306.1,358895.0
604,1.0,1.0,1.0,579.6,774.7,387606.0
605,0.0,1.0,0.0,269.4,266.8,185527.0
606,1.0,1.0,0.0,269.4,444.6,215568.0
607,1.0,1.0,0.0,269.4,444.6,309728.0
608,0.0,1.0,1.0,568.2,561.0,65231.0
609,1.0,0.0,1.0,298.7,556.1,368814.0
610,1.0,0.0,7.0,1033.4,1222.2,363471.0
611,0.0,0.0,6.0,734.7,666.0,324075.0
612,0.0,0.0,6.0,734.7,666.0,395231.0
613,1.0,0.0,6.0,734.7,754.1,353174.0
614,1.0,0.0,6.0,734.7,754.1,333555.0
615,0.0,0.0,3.0,245.6,368.1,383204.0
616,1.0,0.0,1.0,299.4,588.6,351243.0
617,1.0,0.0,1.0,299.4,588.6,348621.0
618,0.0,1.0,1.0,568.2,561.5,370934.0
619,1.0,1.0,0.0,268.8,494.0,349074.0
620,1.0,1.0,0.0,268.8,494.0,367516.0
621,0.0,1.0,0.0,268.8,266.3,324244.0
622,1.0,1.0,1.0,549.9,793.6,337586.0
623,0.0,0.0,1.0,281.1,275.6,372813.0
624,0.0,0.0,1.0,225.5,222.0,171008.0
625,1.0,0.0,4.0,898.5,960.3,275892.0
626,0.0,0.0,4.0,898.5,663.5,105303.0
627,0.0,0.0,4.0,898.5,663.5,356220.0
628,1.0,0.0,3.0,673.0,573.6,363385.0
629,0.0,0.0,9.0,1197.0,1021.2,360317.0
630,0.0,0.0,8.0,988.6,810.9,392037.0
631,0.0,0.0,7.0,841.6,668.9,358757.0
632,0.0,0.0,7.0,841.6,668.9,393635.0
633,1.0,0.0,7.0,841.6,803.7,372800.0
634,1.0,0.0,5.0,426.6,630.8,350130.0
635,0.0,1.0,1.0,313.3,407.7,406413.0
636,1.0,1.0,0.0,274.8,522.4,364287.0
637,0.0,1.0,0.0,274.8,272.3,387469.0
638,1.0,1.0,1.0,577.0,806.3,367620.0
639,1.0,0.0,1.0,302.3,534.1,345735.0
640,0.0,0.0,1.0,302.3,298.3,355412.0
641,1.0,0.0,2.0,553.5,705.8,144588.0
642,0.0,0.0,1.0,251.2,247.7,272838.0
643,1.0,0.0,1.0,251.2,397.2,300644.0
644,1.0,0.0,4.0,788.2,788.8,186025.0
645,0.0,0.0,3.0,537.0,391.5,308431.0
646,1.0,0.0,3.0,537.0,546.6,346239.0
647,1.0,0.0,10.0,1115.4,1160.7,393546.0
648,0.0,0.0,8.0,800.2,702.0,372222.0
649,0.0,0.0,8.0,800.2,702.0,349922.0
650,0.0,0.0,8.0,800.2,702.0,409205.0
651,1.0,0.0,8.0,800.2,768.3,362101.0
652,1.0,0.0,8.0,800.2,768.3,376585.0
653,1.0,1.0,7.0,867.7,967.2,382042.0
654,0.0,1.0,0.0,289.3,286.7,354596.0
655,1.0,1.0,0.0,289.3,461.2,394794.0
656,0.0,1.0,0.0,292.7,290.6,369455.0
657,1.0,1.0,0.0,292.7,542.5,360728.0
658,1.0,1.0,0.0,292.7,542.5,400752.0
659,0.0,1.0,0.0,292.7,290.6,360536.0
660,1.0,1.0,1.0,579.8,802.3,386358.0
661,0.0,0.0,2.0,589.5,579.0,375736.0
662,0.0,0.0,1.0,302.4,297.5,347955.0
663,1.0,0.0,2.0,585.0,774.0,330687.0
664,0.0,0.0,2.0,569.6,558.3,119313.0
665,1.0,0.0,2.0,606.0,858.3,268556.0
666,1.0,0.0,1.0,319.1,577.8,272470.0
667,0.0,0.0,1.0,319.1,315.6,113607.0
668,1.0,0.0,2.0,634.1,905.1,374417.0
669,0.0,0.0,1.0,315.0,310.8,362949.0
670,1.0,1.0,1.0,874.6,644.7,388741.0
671,1.0,1.0,7.0,1141.0,1001.6,378585.0
672,0.0,1.0,7.0,1141.0,765.0,350336.0
673,0.0,1.0,7.0,1141.0,765.0,405423.0
674,0.0,0.0,7.0,581.5,667.7,358803.0
675,1.0,0.0,7.0,581.5,744.8,375936.0
676,1.0,0.0,7.0,581.5,744.8,390841.0
677,0.0,0.0,4.0,359.4,399.7,358311.0
678,1.0,0.0,1.0,300.3,566.5,395527.0
679,0.0,0.0,2.0,598.0,588.1,371139.0
680,1.0,0.0,1.0,297.7,550.3,352692.0
681,1.0,0.0,1.0,297.7,550.3,407526.0
682,0.0,0.0,2.0,596.1,585.4,363201.0
683,1.0,0.0,1.0,298.4,539.9,350571.0
684,1.0,1.0,1.0,584.3,823.0,199756.0
685,0.0,1.0,0.0,285.9,283.1,332774.0
686,1.0,1.0,0.0,285.9,557.9,295115.0
687,0.0,1.0,0.0,285.9,283.1,172014.0
688,1.0,1.0,1.0,567.4,748.9,251144.0
689,1.0,0.0,1.0,281.5,465.7,126805.0
690,0.0,0.0,2.0,484.3,477.5,298567.0
691,1.0,0.0,5.0,720.8,924.3,243025.0
692,0.0,0.0,5.0,720.8,710.4,378072.0
693,0.0,0.0,4.0,518.0,510.7,322389.0
694,0.0,0.0,4.0,518.0,510.7,389858.0
695,1.0,0.0,4.0,518.0,623.8,378679.0
696,1.0,0.0,10.0,1234.8,1286.9,348172.0
697,0.0,0.0,8.0,961.4,903.4,398515.0
698,0.0,0.0,8.0,961.4,903.4,362100.0
699,1.0,0.0,6.0,716.8,752.2,365832.0
700,1.0,0.0,6.0,716.8,752.2,391143.0
701,1.0,1.0,6.0,981.0,1014.0,357643.0
702,1.0,1.0,0.0,264.2,490.2,393892.0
703,1.0,1.0,0.0,264.2,490.2,371278.0
704,0.0,1.0,0.0,264.2,261.8,346857.0
705,1.0,1.0,1.0,554.0,749.2,415504.0
706,0.0,0.0,1.0,289.8,285.4,365790.0
707,1.0,0.0,2.0,587.8,847.4,386213.0
708,1.0,0.0,1.0,298.0,562.0,380362.0
709,0.0,0.0,2.0,605.6,596.2,351935.0
710,1.0,0.0,1.0,307.6,576.5,403902.0
711,0.0,0.0,2.0,609.0,582.8,365056.0
712,0.0,0.0,1.0,301.5,281.0,369836.0
713,1.0,1.0,1.0,565.9,794.0,373505.0
714,0.0,1.0,0.0,264.4,261.9,263926.0
715,1.0,1.0,0.0,264.4,457.9,258224.0
716,1.0,1.0,0.0,264.4,457.9,337156.0
717,0.0,1.0,1.0,553.0,545.4,304620.0
718,1.0,0.0,1.0,288.5,480.6,283336.0
719,0.0,0.0,2.0,544.4,535.8,306060.0
720,0.0,0.0,1.0,255.9,252.2,276863.0
721,1.0,0.0,4.0,817.6,868.2,179229.0
722,0.0,0.0,5.0,1017.8,721.2,203152.0
723,0.0,0.0,6.0,895.7,696.5,351458.0
724,1.0,0.0,5.0,540.5,649.4,368182.0
725,1.0,0.0,5.0,540.5,649.4,345365.0
726,0.0,0.0,5.0,540.5,571.7,401629.0
727,1.0,0.0,10.0,1161.1,1169.4,362209.0
728,1.0,0.0,8.0,829.5,885.7,382512.0
729,0.0,0.0,8.0,829.5,783.0,376334.0
730,0.0,0.0,8.0,829.5,783.0,353482.0
731,1.0,0.0,7.0,763.4,841.4,402787.0
732,1.0,0.0,7.0,763.4,841.4,372872.0
733,0.0,1.0,1.0,366.2,370.0,367455.0
734,1.0,1.0,0.0,282.5,524.5,392268.0
735,0.0,1.0,0.0,282.5,279.5,359238.0
736,0.0,1.0,0.0,282.5,279.5,390978.0
737,1.0,1.0,1.0,556.3,711.0,372046.0
738,0.0,0.0,1.0,273.8,269.3,348302.0
739,1.0,0.0,2.0,567.2,797.6,340407.0
740,1.0,0.0,1.0,293.4,528.3,200114.0
741,0.0,0.0,2.0,583.0,575.0,310852.0
742,1.0,0.0,1.0,289.7,486.1,339298.0
743,0.0,0.0,1.0,289.7,286.3,280369.0
744,1.0,0.0,2.0,585.7,826.9,290033.0
745,1.0,0.0,1.0,296.1,540.6,277689.0
746,0.0,0.0,1.0,296.1,292.3,357323.0
747,1.0,1.0,0.0,256.2,319.3,331238.0
748,1.0,1.0,7.0,932.7,1021.7,337923.0
749,0.0,1.0,7.0,932.7,835.6,361189.0
750,0.0,1.0,7.0,932.7,835.6,327168.0
751,1.0,1.0,8.0,1138.8,1184.1,349863.0
752,0.0,0.0,8.0,882.7,896.7,353099.0
753,0.0,0.0,8.0,882.7,896.7,329687.0
754,1.0,0.0,4.0,496.5,637.2,340461.0
755,0.0,0.0,3.0,592.7,569.8,352561.0
756,0.0,0.0,1.0,293.0,288.8,333367.0
757,1.0,0.0,2.0,583.5,837.3,395862.0
758,0.0,0.0,2.0,561.4,552.3,373642.0
759,0.0,0.0,1.0,270.9,265.5,365788.0
760,1.0,1.0,1.0,526.8,710.7,387487.0
761,0.0,1.0,0.0,255.9,253.4,360620.0
762,1.0,1.0,0.0,255.9,459.6,383502.0
763,1.0,1.0,0.0,255.9,459.6,394836.0
764,0.0,1.0,0.0,255.9,253.4,351551.0
765,1.0,1.0,1.0,561.8,821.8,368770.0
766,1.0,0.0,2.0,599.7,859.1,246791.0
767,0.0,0.0,1.0,293.8,290.7,302456.0
768,1.0,0.0,2.0,592.3,800.2,396602.0
769,0.0,0.0,1.0,298.5,294.6,276998.0
770,0.0,0.0,1.0,298.5,294.6,302806.0
771,1.0,0.0,2.0,596.0,779.8,351126.0
772,0.0,0.0,1.0,297.5,294.3,367219.0
773,1.0,0.0,2.0,486.8,520.6,338659.0
774,1.0,0.0,8.0,881.3,923.2,382348.0
775,0.0,0.0,8.0,881.3,743.8,365975.0
776,1.0,0.0,8.0,881.3,887.1,365161.0
777,1.0,1.0,8.0,955.5,962.8,388895.0
778,0.0,1.0,7.0,766.2,772.6,356908.0
779,1.0,1.0,8.0,937.2,997.4,394794.0
780,1.0,1.0,7.0,839.0,906.8,373867.0
781,1.0,1.0,4.0,531.3,626.4,350277.0
782,2.0,1.0,4.0,531.3,804.0,380308.0
783,1.0,1.0,1.0,245.3,422.1,357567.0
784,0.0,0.0,1.0,171.0,168.8,364766.0
785,1.0,1.0,0.0,272.1,452.8,331336.0
786,1.0,1.0,0.0,272.1,452.8,342497.0
787,0.0,1.0,0.0,272.1,269.9,385710.0
788,1.0,1.0,0.0,272.1,461.1,346969.0
789,0.0,1.0,1.0,572.5,565.9,278814.0
790,1.0,0.0,2.0,454.0,720.4,288491.0
791,1.0,0.0,5.0,678.4,941.4,321641.0
792,0.0,0.0,5.0,678.4,668.7,266442.0
793,1.0,0.0,5.0,678.4,758.6,296609.0
794,1.0,0.0,5.0,678.4,758.6,360183.0
795,0.0,0.0,4.0,524.8,517.0,336587.0
796,1.0,1.0,8.0,1036.6,1142.0,353802.0
797,0.0,1.0,7.0,875.3,744.4,373334.0
798,0.0,1.0,7.0,875.3,744.4,351203.0
799,1.0,1.0,7.0,875.3,800.9,388751.0
800,1.0,1.0,7.0,875.3,800.9,378844.0
801,1.0,1.0,8.0,945.1,851.1,351797.0
802,1.0,0.0,9.0,772.3,867.1,397333.0
803,1.0,0.0,8.0,735.2,819.7,365676.0
804,0.0,0.0,7.0,662.4,629.9,373515.0
805,1.0,0.0,5.0,503.1,604.6,386992.0
806,1.0,0.0,3.0,249.9,391.5,354360.0
807,0.0,0.0,1.0,163.1,152.0,387982.0
808,1.0,0.0,1.0,272.7,465.5,141352.0
809,0.0,0.0,2.0,551.3,546.8,310297.0
810,1.0,0.0,1.0,278.6,531.8,291402.0
811,1.0,0.0,1.0,278.6,531.8,391312.0
812,0.0,1.0,1.0,544.4,538.2,284554.0
813,1.0,1.0,0.0,265.8,534.8,281534.0
814,0.0,1.0,0.0,265.8,262.8,362355.0
815,1.0,1.0,0.0,265.8,453.6,310970.0
816,1.0,1.0,7.0,1376.2,1339.1,299972.0
817,0.0,0.0,7.0,1110.4,885.5,355643.0
818,0.0,0.0,7.0,1110.4,885.5,348821.0
819,1.0,0.0,7.0,1110.4,953.3,354748.0
820,1.0,0.0,7.0,1110.4,953.3,399744.0
821,1.0,0.0,8.0,1161.7,1013.1,354718.0
822,1.0,0.0,8.0,1161.7,1093.9,387879.0
823,1.0,0.0,10.0,1254.4,1207.7,372436.0
824,0.0,0.0,7.0,929.8,739.4,350548.0
825,1.0,0.0,6.0,850.8,847.3,363735.0
826,1.0,0.0,5.0,671.4,703.6,342519.0
827,0.0,0.0,3.0,144.0,173.6,303219.0
828,1.0,0.0,2.0,228.2,446.6,327234.0
829,1.0,0.0,2.0,482.3,678.8,323043.0
830,0.0,0.0,2.0,555.9,545.7,312530.0
831,1.0,0.0,1.0,266.2,489.6,376944.0
832,0.0,1.0,1.0,447.8,440.6,347949.0
833,1.0,1.0,0.0,181.6,361.9,366660.0
834,1.0,1.0,5.0,678.7,820.5,387094.0
835,0.0,1.0,5.0,678.7,637.9,357785.0
836,1.0,1.0,5.0,678.7,810.5,393114.0
837,1.0,1.0,5.0,678.7,810.5,376566.0
838,0.0,1.0,5.0,678.7,637.9,350858.0
839,1.0,1.0,5.0,678.7,825.3,406937.0
840,1.0,0.0,5.0,497.2,646.0,363027.0
841,0.0,0.0,4.0,410.0,377.3,376798.0
842,1.0,0.0,1.0,287.6,469.2,384239.0
843,1.0,0.0,2.0,586.7,763.8,353729.0
844,0.0,0.0,2.0,548.8,538.8,399090.0
845,1.0,0.0,1.0,249.7,432.3,299697.0
846,0.0,0.0,2.0,524.3,515.2,297812.0
847,1.0,0.0,1.0,274.6,515.2,266881.0
848,1.0,0.0,2.0,569.2,807.0,322004.0
849,0.0,1.0,1.0,516.2,510.8,335462.0
850,1.0,1.0,0.0,221.5,500.4,315889.0
851,0.0,1.0,0.0,221.5,219.0,315564.0
852,1.0,1.0,0.0,221.5,371.4,277044.0
853,1.0,1.0,5.0,1058.0,842.9,369223.0
854,0.0,1.0,5.0,1058.0,690.5,380101.0
855,1.0,1.0,5.0,1058.0,984.0,353299.0
856,1.0,0.0,8.0,1090.5,1151.6,397070.0
857,0.0,0.0,8.0,1090.5,858.1,369848.0
858,0.0,0.0,8.0,1090.5,858.1,356144.0
859,1.0,0.0,8.0,1090.5,946.4,407346.0
860,1.0,0.0,8.0,937.7,937.7,360931.0
861,0.0,0.0,6.0,609.2,686.8,388179.0
862,1.0,0.0,3.0,285.9,519.3,215550.0
863,0.0,0.0,3.0,533.0,562.1,311781.0
864,1.0,0.0,1.0,290.6,545.0,353715.0
865,1.0,0.0,2.0,580.8,832.1,352059.0
866,0.0,1.0,1.0,507.6,502.2,349282.0
867,1.0,1.0,0.0,217.5,433.0,365341.0
868,1.0,1.0,0.0,217.5,433.0,362356.0
869,0.0,1.0,0.0,217.5,215.1,320559.0
870,1.0,1.0,5.0,825.2,1038.9,399004.0
871,0.0,1.0,5.0,825.2,793.7,370734.0
872,0.0,1.0,5.0,825.2,793.7,354671.0
873,1.0,0.0,5.0,607.6,770.9,398302.0
874,0.0,0.0,5.0,607.6,578.6,356090.0
875,0.0,0.0,5.0,607.6,578.6,380949.0
876,1.0,0.0,4.0,473.6,557.7,381498.0
877,0.0,0.0,4.0,473.6,417.8,354583.0
878,1.0,0.0,2.0,390.2,572.7,342568.0
879,1.0,0.0,2.0,563.0,757.9,196461.0
880,0.0,0.0,1.0,288.5,286.5,327268.0
881,1.0,0.0,2.0,557.9,778.6,353588.0
882,1.0,0.0,1.0,269.4,492.0,357058.0
883,0.0,0.0,2.0,550.3,542.1,292937.0
884,1.0,0.0,1.0,280.9,454.1,366714.0
885,0.0,1.0,1.0,579.3,428.2,366938.0
886,1.0,1.0,0.0,298.4,325.9,351902.0
887,1.0,1.0,4.0,749.6,831.4,398640.0
888,0.0,1.0,4.0,749.6,656.5,363346.0
889,0.0,1.0,4.0,749.6,656.5,373067.0
890,1.0,1.0,4.0,749.6,745.6,391520.0
891,1.0,1.0,4.0,749.6,745.6,358995.0
892,0.0,1.0,4.0,749.6,656.5,344102.0
893,1.0,0.0,3.0,299.4,578.6,377499.0
894,0.0,0.0,2.0,409.7,399.0,351319.0
895,1.0,0.0,2.0,595.6,775.0,404843.0
896,1.0,0.0,1.0,282.6,467.2,363469.0
897,0.0,0.0,2.0,573.8,565.0,370721.0
898,1.0,0.0,2.0,568.3,822.1,281726.0
899,0.0,0.0,1.0,277.2,274.0,310911.0
900,0.0,0.0,2.0,531.8,524.3,320124.0
901,1.0,0.0,2.0,556.8,729.8,342983.0
902,0.0,0.0,2.0,603.9,594.2,312583.0
903,1.0,0.0,1.0,301.8,513.2,306730.0
904,1.0,1.0,1.0,471.2,680.5,346747.0
905,0.0,1.0,0.0,169.4,167.3,329647.0
906,1.0,1.0,6.0,969.5,929.0,280015.0
907,0.0,1.0,6.0,969.5,702.4,325422.0
908,0.0,1.0,6.0,969.5,702.4,304875.0
909,1.0,1.0,6.0,969.5,908.8,328234.0
910,1.0,1.0,6.0,969.5,908.8,401904.0
911,0.0,1.0,6.0,969.5,702.4,365350.0
912,1.0,1.0,6.0,969.5,833.1,373009.0
913,1.0,0.0,9.0,952.9,876.4,389113.0
914,0.0,0.0,8.0,871.0,665.7,353542.0
915,1.0,0.0,8.0,871.0,759.0,376953.0
916,1.0,0.0,7.0,800.3,693.5,373317.0
917,1.0,0.0,7.0,822.5,855.8,348033.0
918,1.0,0.0,4.0,432.0,690.1,335846.0
919,1.0,0.0,1.0,258.8,460.4,367409.0
920,0.0,0.0,1.0,258.8,256.0,368420.0
921,1.0,0.0,1.0,275.0,483.4,360514.0
922,1.0,1.0,1.0,562.5,767.8,294379.0
923,0.0,1.0,0.0,287.6,284.4,278636.0
924,1.0,1.0,0.0,287.6,566.2,304380.0
925,0.0,1.0,0.0,287.6,284.4,353512.0
926,1.0,1.0,1.0,545.0,751.4,290931.0
927,1.0,0.0,2.0,567.2,773.0,340950.0
928,0.0,0.0,1.0,309.8,306.0,297253.0
929,1.0,0.0,2.0,962.0,562.0,305367.0
930,1.0,0.0,5.0,1226.3,977.6,323217.0
931,0.0,0.0,5.0,1226.3,792.2,317260.0
932,1.0,0.0,3.0,552.2,632.3,302116.0
933,1.0,0.0,3.0,552.2,632.3,352093.0
934,0.0,0.0,7.0,1063.5,967.2,295635.0
935,1.0,0.0,6.0,860.7,1004.1,300921.0
936,1.0,1.0,7.0,920.4,992.5,363431.0
937,0.0,1.0,7.0,920.4,780.1,344698.0
938,1.0,1.0,7.0,920.4,1002.3,277264.0
939,1.0,1.0,7.0,920.4,1002.3,339969.0
940,0.0,1.0,8.0,1230.3,882.0,251499.0
941,0.0,1.0,8.0,1132.9,862.9,352515.0
942,1.0,1.0,6.0,888.9,721.2,389237.0
943,0.0,1.0,6.0,888.9,572.3,379695.0
944,0.0,1.0,6.0,888.9,572.3,354108.0
945,1.0,1.0,9.0,1124.7,1042.8,377530.0
946,0.0,1.0,6.0,682.2,580.5,366384.0
947,0.0,1.0,6.0,682.2,580.5,374684.0
948,1.0,1.0,6.0,682.2,735.4,346457.0
949,0.0,0.0,4.0,257.8,361.9,356573.0
950,0.0,0.0,2.0,355.2,429.0,387797.0
951,1.0,0.0,1.0,286.4,479.0,294364.0
952,0.0,1.0,1.0,570.3,562.3,280300.0
953,1.0,1.0,0.0,283.8,566.0,343845.0
954,1.0,1.0,0.0,283.8,566.0,308950.0
955,0.0,1.0,0.0,283.8,281.1,358389.0
956,1.0,1.0,1.0,569.6,762.2,379263.0
957,1.0,0.0,2.0,601.6,792.1,283374.0
958,0.0,0.0,1.0,315.9,311.0,320171.0
959,1.0,0.0,6.0,1323.6,1319.4,319830.0
960,0.0,0.0,5.0,1007.7,810.7,329827.0
961,0.0,0.0,4.0,631.9,684.7,298927.0
962,1.0,0.0,3.0,575.8,759.0,316831.0
963,0.0,0.0,3.0,575.8,520.5,324286.0
964,0.0,0.0,1.0,116.1,217.6,311401.0
965,1.0,1.0,8.0,930.2,1213.1,284079.0
966,0.0,1.0,7.0,814.1,713.8,302748.0
967,0.0,1.0,7.0,814.1,713.8,286861.0
968,1.0,1.0,7.0,814.1,894.0,249911.0
969,1.0,1.0,7.0,814.1,894.0,352091.0
970,0.0,0.0,7.0,637.2,538.2,318684.0
971,1.0,0.0,7.0,637.2,645.0,321402.0
972,1.0,0.0,9.0,828.1,889.9,342559.0
973,0.0,0.0,8.0,764.0,726.6,326492.0
974,1.0,0.0,9.0,896.1,941.3,318279.0
975,1.0,0.0,7.0,723.5,787.9,350411.0
976,0.0,1.0,8.0,904.3,842.9,373548.0
977,0.0,1.0,6.0,635.3,641.0,361713.0
978,1.0,1.0,5.0,567.8,694.5,394136.0
979,1.0,1.0,4.0,503.8,635.2,360306.0
980,0.0,1.0,3.0,465.0,460.7,384963.0
981,1.0,1.0,3.0,465.0,641.2,385213.0
982,0.0,1.0,3.0,465.0,460.7,353588.0
983,0.0,1.0,2.0,312.9,269.6,380658.0
984,1.0,0.0,1.0,273.3,467.3,368111.0
985,0.0,0.0,2.0,557.4,550.4,369107.0
986,1.0,0.0,1.0,284.1,459.8,392115.0
987,1.0,0.0,1.0,284.1,459.8,355179.0
988,0.0,0.0,2.0,581.6,575.2,344770.0
989,1.0,0.0,1.0,297.5,483.6,366131.0
990,1.0,1.0,1.0,582.2,765.6,337655.0
991,0.0,1.0,0.0,284.7,282.0,255954.0
992,1.0,1.0,0.0,284.7,553.0,302255.0
993,0.0,1.0,0.0,284.7,282.0,292683.0
994,1.0,1.0,1.0,592.6,851.1,292902.0
995,1.0,0.0,1.0,307.9,569.1,302110.0
996,0.0,0.0,2.0,596.9,586.4,296886.0
997,1.0,0.0,5.0,1200.7,1165.8,306181.0
998,0.0,0.0,4.0,911.7,673.0,370985.0
999,0.0,0.0,4.0,911.7,673.0,333319.0
1000,1.0,0.0,3.0,429.9,726.6,294199.0
1001,0.0,0.0,10.0,3669.8,1304.3,334006.0
1002,0.0,1.0,8.0,3472.5,1092.2,319632.0
1003,1.0,1.0,7.0,3424.6,1031.8,313756.0
1004,1.0,1.0,7.0,3424.6,1031.8,350559.0
1005,0.0,1.0,7.0,3424.6,928.9,329747.0
1006,1.0,1.0,7.0,3424.6,1056.8,339856.0
1007,1.0,1.0,7.0,3424.6,1056.8,401026.0
1008,0.0,1.0,6.0,3289.6,775.6,356550.0
1009,1.0,1.0,6.0,3289.6,949.2,386851.0
1010,1.0,1.0,8.0,3307.7,1092.2,381637.0
1011,0.0,1.0,6.0,650.9,605.9,352607.0
1012,1.0,1.0,6.0,650.9,714.6,363408.0
1013,1.0,1.0,6.0,650.9,714.6,369140.0
1014,0.0,1.0,5.0,585.8,534.9,366782.0
1015,1.0,0.0,3.0,181.8,499.8,336827.0
1016,1.0,1.0,1.0,325.6,574.9,332878.0
1017,0.0,1.0,0.0,272.5,269.9,362677.0
1018,1.0,1.0,0.0,272.5,466.5,343859.0
1019,1.0,1.0,0.0,272.5,466.5,273169.0
1020,0.0,1.0,1.0,562.1,555.4,250333.0
1021,1.0,0.0,2.0,589.7,833.6,336522.0
1022,0.0,0.0,1.0,300.0,296.1,297014.0
1023,1.0,0.0,2.0,491.9,741.8,312698.0
1024,1.0,0.0,3.0,554.9,804.8,333621.0
1025,0.0,0.0,3.0,554.9,548.6,328297.0
1026,1.0,0.0,3.0,554.9,750.0,266763.0
1027,1.0,0.0,5.0,832.7,1037.4,344260.0
1028,0.0,1.0,9.0,1187.4,1124.8,359930.0
1029,1.0,1.0,7.0,824.3,909.3,349453.0
1030,1.0,1.0,7.0,824.3,909.3,405086.0
1031,0.0,1.0,8.0,902.6,838.3,364022.0
1032,0.0,1.0,7.0,736.4,734.2,380565.0
1033,1.0,1.0,6.0,624.8,783.6,385638.0
1034,0.0,1.0,5.0,501.1,480.1,356456.0
1035,0.0,1.0,5.0,501.1,480.1,387275.0
1036,1.0,1.0,4.0,406.4,597.4,366819.0
1037,0.0,1.0,2.0,255.2,252.0,331846.0
1038,1.0,0.0,1.0,295.0,546.7,404627.0
1039,1.0,0.0,1.0,295.0,546.7,358246.0
1040,0.0,0.0,2.0,590.6,581.2,361498.0
1041,1.0,0.0,1.0,295.6,527.8,366593.0
1042,1.0,1.0,1.0,575.9,805.3,343611.0
1043,0.0,1.0,0.0,280.3,277.5,345234.0
1044,1.0,1.0,0.0,280.3,449.0,330935.0
1045,0.0,1.0,0.0,280.3,277.5,287977.0
1046,1.0,1.0,1.0,547.2,746.0,332263.0
1047,1.0,0.0,2.0,578.5,776.4,348433.0
1048,0.0,0.0,1.0,311.6,307.9,263847.0
1049,1.0,0.0,4.0,971.5,1250.1,293749.0
1050,0.0,0.0,3.0,659.9,651.8,289865.0
1051,0.0,0.0,5.0,822.5,806.9,331526.0
1052,1.0,0.0,4.0,573.7,774.9,304629.0
1053,0.0,1.0,9.0,1517.6,1215.6,292669.0
1054,0.0,1.0,7.0,1106.4,809.6,308194.0
1055,1.0,1.0,8.0,1168.3,981.7,280845.0
1056,1.0,1.0,7.0,1076.6,881.0,308348.0
1057,0.0,1.0,7.0,1076.6,765.2,302786.0
1058,1.0,1.0,8.0,1121.3,940.4,312256.0
1059,1.0,1.0,7.0,976.1,760.2,288657.0
1060,0.0,1.0,7.0,976.1,651.2,339157.0
1061,1.0,1.0,8.0,1042.0,955.7,282733.0
1062,1.0,1.0,7.0,940.9,861.4,278061.0
1063,1.0,1.0,9.0,1298.2,1177.1,339314.0
1064,0.0,1.0,6.0,955.9,837.6,287342.0
1065,1.0,0.0,6.0,599.8,853.5,306212.0
1066,1.0,0.0,5.0,524.1,790.3,312636.0
1067,0.0,0.0,4.0,484.3,597.6,260866.0
1068,1.0,0.0,4.0,484.3,725.2,288199.0
1069,1.0,1.0,8.0,9167.5,1381.1,322662.0
1070,0.0,1.0,8.0,9457.0,1216.5,334726.0
1071,1.0,1.0,7.0,9308.3,1203.2,273355.0
1072,1.0,1.0,6.0,9247.2,1134.6,258253.0
1073,0.0,1.0,6.0,9247.2,1036.5,343217.0
1074,1.0,1.0,6.0,9247.2,1180.1,265434.0
1075,1.0,1.0,6.0,9247.2,1180.1,374926.0
1076,0.0,1.0,6.0,9247.2,1036.5,392549.0
1077,0.0,0.0,6.0,9102.1,892.7,355031.0
1078,1.0,0.0,8.0,9143.0,1301.5,398017.0
1079,0.0,0.0,7.0,1375.2,797.4,370602.0
1080,0.0,0.0,8.0,1400.2,862.8,364734.0
1081,1.0,0.0,6.0,747.2,737.3,343463.0
1082,1.0,0.0,6.0,971.1,976.1,366624.0
1083,0.0,0.0,2.0,331.0,368.8,372529.0
1084,1.0,1.0,1.0,563.5,721.0,345040.0
1085,1.0,1.0,0.0,257.5,417.8,333377.0
1086,0.0,1.0,0.0,257.5,255.5,323072.0
1087,1.0,1.0,0.0,257.5,459.7,281778.0
1088,0.0,0.0,1.0,317.7,314.9,295351.0
1089,1.0,0.0,2.0,610.9,838.8,301124.0
1090,1.0,0.0,1.0,293.3,523.9,330406.0
1091,0.0,0.0,2.0,1015.8,445.2,328284.0
1092,1.0,0.0,1.0,722.5,338.1,348141.0
1093,1.0,0.0,3.0,936.6,725.6,369923.0
1094,0.0,0.0,3.0,936.6,544.0,345916.0
1095,1.0,1.0,6.0,861.4,1041.0,353633.0
1096,0.0,1.0,6.0,861.4,815.9,348110.0
1097,0.0,1.0,6.0,861.4,815.9,293803.0
1098,1.0,1.0,6.0,861.4,945.0,378747.0
1099,1.0,1.0,6.0,861.4,945.0,380310.0
1100,0.0,1.0,5.0,706.0,672.0,351732.0
1101,1.0,1.0,4.0,612.2,827.5,393029.0
1102,1.0,0.0,4.0,416.4,633.6,364773.0
1103,0.0,0.0,4.0,416.4,388.4,371409.0
1104,1.0,0.0,4.0,416.4,588.5,326619.0
1105,1.0,0.0,5.0,863.7,984.0,303254.0
1106,0.0,0.0,4.0,754.0,693.3,300832.0
1107,1.0,0.0,3.0,699.4,1033.9,336326.0
1108,0.0,0.0,1.0,325.2,321.9,334830.0
1109,0.0,0.0,2.0,640.0,634.1,257270.0
1110,1.0,0.0,1.0,314.8,542.1,334589.0
1111,0.0,1.0,1.0,522.2,517.6,298049.0
1112,1.0,1.0,0.0,207.4,420.8,306522.0
1113,1.0,1.0,5.0,1118.4,1120.4,379889.0
1114,0.0,1.0,5.0,1118.4,905.1,365189.0
1115,1.0,1.0,5.0,1118.4,1087.9,363395.0
1116,1.0,1.0,5.0,1118.4,1087.9,345143.0
1117,0.0,0.0,4.0,637.6,583.5,355376.0
1118,1.0,0.0,4.0,637.6,758.9,379227.0
1119,1.0,0.0,6.0,861.1,1112.0,272921.0
1120,0.0,0.0,4.0,528.5,669.5,308947.0
1121,0.0,0.0,3.0,426.9,544.7,326937.0
1122,1.0,0.0,2.0,449.9,827.1,318042.0
1123,0.0,0.0,1.0,313.5,310.5,305821.0
1124,1.0,0.0,2.0,587.8,772.6,255106.0
1125,1.0,0.0,1.0,274.2,462.0,332798.0
1126,0.0,1.0,1.0,477.1,472.0,274927.0
1127,1.0,1.0,0.0,202.9,467.5,334003.0
1128,1.0,1.0,5.0,1175.6,1137.1,404933.0
1129,0.0,1.0,5.0,1175.6,870.6,364440.0
1130,1.0,1.0,5.0,1175.6,1066.1,376508.0
1131,1.0,1.0,5.0,1175.6,1066.1,394795.0
1132,0.0,0.0,5.0,972.7,669.6,356483.0
1133,0.0,0.0,5.0,972.7,669.6,344717.0
1134,1.0,0.0,6.0,1137.2,1176.2,375053.0
1135,0.0,0.0,5.0,1010.3,725.5,352152.0
1136,0.0,0.0,5.0,1010.3,725.5,391080.0
1137,1.0,0.0,2.0,482.1,647.1,294541.0
1138,0.0,1.0,1.0,566.1,561.8,318809.0
1139,1.0,1.0,0.0,285.1,494.4,375856.0
1140,1.0,1.0,0.0,285.1,494.4,358802.0
1141,0.0,1.0,1.0,575.2,568.6,374665.0
1142,1.0,0.0,1.0,290.2,493.2,312878.0
1143,1.0,0.0,1.0,290.2,493.2,293134.0
1144,0.0,0.0,2.0,530.0,522.0,349439.0
1145,1.0,0.0,3.0,661.5,937.6,316032.0
1146,0.0,0.0,3.0,661.5,654.5,302602.0
1147,0.0,0.0,2.0,421.7,418.3,294959.0
1148,1.0,0.0,4.0,716.6,925.4,297641.0
1149,0.0,0.0,2.0,294.9,219.7,327492.0
1150,1.0,0.0,2.0,294.9,463.0,281205.0
1151,1.0,1.0,7.0,952.4,1108.0,363690.0
1152,0.0,1.0,7.0,952.4,864.7,367066.0
1153,1.0,1.0,7.0,952.4,1058.4,365355.0
1154,1.0,1.0,7.0,952.4,1058.4,395126.0
1155,0.0,1.0,7.0,952.4,864.7,357898.0
1156,0.0,0.0,5.0,520.8,556.2,387385.0
1157,1.0,0.0,4.0,434.9,596.8,370095.0
1158,0.0,0.0,3.0,268.7,318.4,352892.0
1159,0.0,0.0,3.0,268.7,318.4,356154.0
1160,1.0,0.0,2.0,220.8,498.2,263023.0
1161,0.0,0.0,2.0,422.0,410.9,307689.0
1162,0.0,0.0,2.0,635.7,629.4,327862.0
1163,1.0,0.0,1.0,320.9,602.0,309944.0
1164,0.0,0.0,2.0,620.8,616.4,303020.0
1165,1.0,0.0,1.0,299.9,489.4,294253.0
1166,1.0,1.0,1.0,532.7,719.9,328352.0
1167,0.0,1.0,0.0,232.8,230.5,307170.0
1168,1.0,1.0,4.0,1036.4,1055.7,246751.0
1169,0.0,1.0,4.0,1036.4,804.1,377404.0
1170,0.0,1.0,4.0,1036.4,804.1,349903.0
1171,1.0,1.0,4.0,1036.4,1001.7,380022.0
1172,1.0,0.0,4.0,803.6,771.2,372557.0
1173,0.0,0.0,4.0,803.6,573.6,348594.0
1174,1.0,0.0,4.0,803.6,877.8,397434.0
1175,1.0,0.0,5.0,814.1,1029.0,364095.0
1176,0.0,0.0,5.0,814.1,724.8,366096.0
1177,1.0,0.0,5.0,814.1,952.8,325938.0
1178,1.0,0.0,4.0,496.2,809.4,299734.0
1179,0.0,0.0,1.0,317.6,313.8,326854.0
1180,1.0,1.0,1.0,613.1,816.9,308723.0
1181,1.0,1.0,0.0,295.5,503.1,352499.0
1182,0.0,1.0,0.0,295.5,293.2,342965.0
1183,1.0,1.0,1.0,601.2,859.4,370108.0
1184,0.0,0.0,1.0,305.7,301.5,352704.0
1185,0.0,0.0,2.0,530.9,524.1,381409.0
1186,1.0,0.0,3.0,685.3,895.3,378354.0
1187,0.0,0.0,3.0,685.3,678.2,350980.0
1188,0.0,0.0,3.0,685.3,678.2,395237.0
1189,0.0,0.0,2.0,460.1,455.6,363565.0
1190,0.0,0.0,1.0,226.5,224.4,
1191,0.0,0.0,0.0,0.0,0.0,
1192,0.0,0.0,0.0,0.0,0.0,
1193,0.0,0.0,0.0,0.0,0.0,
1194,0.0,0.0,0.0,0.0,0.0,
1195,0.0,0.0,0.0,0.0,0.0,
1196,0.0,0.0,0.0,0.0,0.0,
1197,0.0,0.0,0.0,0.0,0.0,
1198,0.0,0.0,0.0,0.0,0.0,
